word,count
bir,302
ve,184
bu,138
de,95
da,85
için,74
o,73
çok,71
ne,68
gibi,67
her,61
kadar,40
ama,40
sonra,38
en,37
eğitim,33
ben,33
çocuk,31
güzel,29
özel,29
annem,28
benim,28
bana,26
nasıl,26
yeni,26
ile,25
braille,25
zaman,24
ki,24
türkçe,23
beni,23
olarak,23
diye,23
kelime,22
olduğunu,22
daha,21
doğru,21
ilk,21
var,20
onu,20
kitap,20
iki,19
mı,19
hem,18
sadece,18
büyük,17
işte,17
artık,17
hiç,17
böyle,16
küçük,16
mi,16
dil,16
tüm,16
babam,16
harfler,16
demek,15
içinde,15
babası,15
bazen,15
olan,14
kelimeler,14
gün,14
mehmet,14
önce,14
hep,14
çocuklar,14
devam,14
oyun,14
bütün,13
kelimelerin,13
geldi,13
kendi,13
dedi,13
onun,13
tam,13
su,13
aynı,13
ses,13
güneş,13
iyi,13
olur,13
şey,13
bile,12
nokta,12
aile,12
sarı,12
hemen,12
ise,12
anne,12
eğitimi,12
kim,12
sabah,11
vardı,11
eski,11
tren,11
kelimeleri,11
sanki,11
şeyler,11
farklı,11
yağ,11
gök,11
şekilde,10
millî,10
değil,10
kırmızı,10
şimdi,10
aman,10
yeniden,10
dilimizin,10
bize,10
tek,10
annemin,10
ali,10
yer,10
seti,10
yavaş,9
a,9
gelir,9
cümle,9
türk,9
çünkü,9
geçen,9
diyor,9
burada,9
odanın,9
belki,9
oldu,9
birçok,9
yok,9
sesler,9
kısa,9
onunla,8
dünyanın,8
veya,8
onları,8
yine,8
olduğu,8
olsa,8
bugün,8
önemli,8
şiirler,8
tekrar,8
down,8
biri,8
bizim,8
sesi,8
bunları,8
misin,8
sıra,8
radyo,8
üzüm,7
gerçekten,7
okumayı,7
mavisi,7
birlikte,7
uzun,7
pervane,7
çocukların,7
buna,7
tatlı,7
ilgili,7
olmak,7
basketbol,7
hafta,7
anda,7
ettim,7
oktay,7
spor,7
kelimenin,7
yıl,7
herkes,7
siz,7
yol,7
dostum,7
kez,7
babamın,7
ediyor,7
yerine,7
sen,7
bak,7
yılında,7
bazı,7
başında,7
üzerinde,7
fikir,6
eve,6
boyunca,6
yaşlı,6
yeter,6
harf,6
verdi,6
olmuş,6
biraz,6
bakıp,6
görmek,6
ancak,6
adı,6
zamanda,6
vay,6
sordu,6
mu,6
hayal,6
sonunda,6
okul,6
bayram,6
yardımcı,6
dünya,6
türkçem,6
ninesinin,6
oluyor,6
on,6
ona,6
konuşan,6
bunlar,6
korhan,6
aklıma,6
okumaya,6
az,6
bin,6
evin,6
pek,6
evet,6
süre,6
evde,5
mustafa,5
musunuz,5
annesi,5
aldım,5
mutluluk,5
müzesi,5
acaba,5
günü,5
okumak,5
biz,5
onlara,5
parmaklarımla,5
parçası,5
piyano,5
ressamın,5
sahip,5
seni,5
senin,5
sohbet,5
söylediği,5
sözünü,5
bol,5
te,5
temsil,5
türkçemizin,5
türkçenin,5
adını,5
vardır,5
yapmaya,5
yaz,5
yazmayı,5
yere,5
hissediyorum,5
genel,5
kendimi,5
bulmaya,5
yokmuş,5
yolu,5
yıllar,5
gelen,5
çalmak,5
çizgi,5
çiçek,5
çık,5
başlar,5
babasının,5
öğretmen,5
öğretmenim,5
emmioğlum,5
üstünde,5
üzere,5
haydi,5
üç,5
şu,5
kimse,5
ana,5
duran,5
görme,5
başta,5
hangi,5
dokuz,5
dilim,5
ev,5
kocaman,5
şöyle,5
koyunun,5
m,5
merak,5
ediyorum,4
harfleri,4
işe,4
bağıra,4
sendromlu,4
harika,4
gece,4
neden,4
işi,4
msl,4
adam,4
beyaz,4
sesleri,4
diyerek,4
defterime,4
gelmişti,4
diyorum,4
sevgi,4
süt,4
baba,4
tarafa,4
karşısında,4
geçmiş,4
tarihî,4
hüsnü,4
hâlde,4
kös,4
televizyon,4
kelimeyi,4
teyzem,4
edip,4
insan,4
dört,4
teşekkür,4
oldukça,4
ailem,4
denir,4
biricik,4
ediyordu,4
musun,4
gökyüzü,4
hızla,4
kuş,4
türkçesi,4
düdük,4
kuşların,4
varsa,4
birkaç,4
günler,4
verir,4
ya,4
yakın,4
ressam,4
dağlar,4
yan,4
akşam,4
yandan,4
no,4
hatırlamıyorum,4
hissettim,4
yanlış,4
fiziksel,4
elif,4
eren,4
merakla,4
yayın,4
yazdım,4
annemden,4
i,4
geçti,4
olacak,4
yazmaya,4
değerli,4
emaneti,4
gidiyor,4
bunu,4
yerden,4
oktayı,4
yerini,4
dünyaya,4
yola,4
atlı,4
hayır,4
yoldan,4
yolun,4
mesela,4
yolunu,4
yunus,4
almaya,4
zamanlarda,4
zamanı,4
zor,4
hoş,4
öyle,4
ağaçlar,4
kullanarak,4
özelliklerini,4
ağaçların,4
öğretmenimiz,4
üniversitesinde,4
ünlü,4
ışık,4
okula,4
şairler,4
nasreddin,4
şarkı,4
ii,4
karar,4
fark,4
şehir,4
başladım,4
amanin,4
konuşmayı,4
ederdi,4
böylece,4
ederken,4
ardından,4
ninemin,4
kitaba,4
fazıl,4
isteyenler,4
bilim,4
olmalı,4
olmayan,4
olup,4
bilge,4
hayat,4
onların,4
orada,4
okuyorum,4
kedi,4
ortasında,4
oynarken,4
kabartma,4
etmiş,4
etti,4
radyosu,4
rehberlik,4
bezirgânbaşı,4
mozart,4
anlamını,4
sayesinde,4
kemal,3
gol,3
nesi,3
bilinen,3
gözleri,3
evlerin,3
gecenin,3
evlerinin,3
büyümek,3
adım,3
hikâye,3
birbirine,3
istanbul,3
ah,3
diğer,3
insanlar,3
aslında,3
hatta,3
geldim,3
birini,3
birisi,3
işittiğim,3
gökyüzüne,3
hızlı,3
dağ,3
dokunarak,3
dün,3
dünyada,3
kaç,3
bitince,3
kendilerini,3
neymiş,3
eğlenceli,3
hava,3
elma,3
iç,3
geçmişten,3
dağların,3
can,3
atasözü,3
bizi,3
başka,3
dolu,3
canım,3
dünyayı,3
allahım,3
kendisine,3
bakalım,3
henüz,3
eşlik,3
eşsiz,3
gördün,3
olduk,3
güzellikleri,3
başladı,3
okuduğum,3
kapıyı,3
altı,3
gelip,3
dede,3
olanı,3
insanların,3
geliyor,3
chopin,3
ay,3
boş,3
ister,3
hepsi,3
bakmış,3
ikinci,3
an,3
gibidir,3
minik,3
ankara,3
dedim,3
ayla,3
gibiydi,3
ayrı,3
karagözüm,3
anlamak,3
anlamakta,3
başlamış,3
herkesin,3
başlamıştı,3
miydi,3
ayşe,3
eksik,3
fikret,3
fikri,3
bulmak,3
koca,3
kalın,3
aziz,3
nisan,3
anlattım,3
görünce,3
kabul,3
bulunan,3
aç,3
başlıyor,3
anlatıyordu,3
koyunu,3
bulup,3
bulutlar,3
duyduğum,3
duygu,3
cümleler,3
iletişim,3
açık,3
mutlu,3
günlerde,3
kitaplar,3
duymuyorum,3
muymuş,3
maceraları,3
görüyorum,3
bunun,3
ilginç,3
ağabeyi,3
insanın,3
ağaca,3
futbol,3
ağacın,3
mü,3
müdürlüğü,3
aracı,3
içeriye,3
arada,3
noktayı,3
dair,3
koşarak,3
kalbim,3
hizmetleri,3
kişinin,3
içine,3
kendini,3
nöbetini,3
sesli,3
sevdiğim,3
gittiği,3
sevgili,3
seviyorum,3
sizin,3
kutsal,3
son,3
sordum,3
soru,3
soruyor,3
söyledi,3
söyler,3
söyleriz,3
kuzu,3
sürede,3
oluruz,3
sütü,3
sıcacık,3
sınıfa,3
sınırları,3
sırayla,3
t,3
tabelaları,3
tablodaki,3
tabloya,3
takip,3
takımı,3
tamam,3
tanıyorum,3
kasım,3
taraftan,3
tarafından,3
dilini,3
tavanına,3
taşır,3
dikkat,3
ondan,3
kitabı,3
bi,3
arkadaşlarım,3
geri,3
tiridine,3
top,3
trenlerle,3
türkçemiz,3
maç,3
dilimizi,3
türkçeyi,3
türkçeyle,3
türlü,3
tıpkı,3
umut,3
uçtu,3
vakti,3
oyuna,3
oyuncusu,3
halil,3
verdim,3
verilen,3
paraları,3
iş,3
w,3
parlak,3
yahya,3
parmak,3
yalnızca,3
parmaklarımı,3
parçaları,3
yani,3
yanlarına,3
parçasına,3
yanı,3
yapan,3
yaptım,3
sesleriyle,3
peki,3
kâh,3
yazar,3
piyanoda,3
piyanonun,3
programı,3
belirgin,3
yaşındaki,3
r,3
ederek,3
yeri,3
değer,3
hâline,3
yetersizliği,3
gerçek,3
yoksa,3
renk,3
renkli,3
duydukça,3
rüya,3
harfi,3
yükselmiş,3
yüzden,3
yılmaz,3
giderken,3
sahibi,3
saltaş,3
zamanın,3
sana,3
çalıvereyim,3
çalışma,3
çalıştım,3
çekici,3
köye,3
çocuklara,3
çocukları,3
bezirgânlar,3
çocukluğumda,3
çocuğun,3
öbür,3
ödünç,3
götürdü,3
dev,3
özellikle,3
kanad,3
özgürlük,3
öğrendiğimi,3
öğrenme,3
köşe,3
sağladı,3
sende,3
olmuyor,3
üst,3
üstelik,3
üçgeni,3
kurmuş,3
etmek,3
dili,3
olsun,3
şehirdeki,3
şehre,3
şehri,3
şeyi,3
şeyin,3
kenarına,3
şiir,3
telaşla,3
açıp,2
heyecanla,2
içerisinde,2
gerek,2
cıvıl,2
ağacına,2
ağacının,2
edebiyat,2
günlerinde,2
heyecanlı,2
dalar,2
heyecanım,2
dalga,2
dalgacıkları,2
eder,2
ederiz,2
ederler,2
dalı,2
gürel,2
gürül,2
içigen,2
keşfetmenin,2
edin,2
b,2
babaannemin,2
babanın,2
dağlarca,2
hikâyemde,2
efendi,2
bahar,2
baharın,2
içimde,2
güzelim,2
hikâyenin,2
bakan,2
bakanlığı,2
debussy,2
debussynin,2
dedem,2
dedemin,2
bakmaya,2
hissedebiliyordum,2
baktım,2
kenarı,2
bakıyorum,2
güzelmiş,2
ekliyorum,2
ekmek,2
hissediyordum,2
güçlerini,2
bardağa,2
bardağı,2
el,2
defterimi,2
elbette,2
insanı,2
ele,2
hissetmemi,2
batı,2
demir,2
elife,2
geçin,2
geçip,2
karnını,2
bayrağım,2
demişti,2
bayrağını,2
baz,2
elinde,2
elinden,2
geçiyor,2
denize,2
hoca,2
denizleri,2
bağırmış,2
hafifçe,2
baş,2
geçmişin,2
der,2
geçmişle,2
içlerinde,2
karton,2
dergi,2
başladık,2
geçtiğini,2
ipleri,2
derin,2
derinlerine,2
hak,2
derken,2
başlarız,2
emmioğlu,2
derman,2
kelebek,2
hakkı,2
konuşmak,2
kış,2
leipzig,2
lisesinde,2
koruyucusu,2
maarif,2
macera,2
makedonyanın,2
makinesi,2
masal,2
masallar,2
masallarda,2
masanın,2
materyaller,2
konusunu,2
mavisinin,2
maçta,2
konserimi,2
mehmeti,2
mehmetim,2
mekâna,2
koyun,2
merdivende,2
metin,2
komşu,2
millet,2
kola,2
mirası,2
mis,2
kokusu,2
koyunlarıyla,2
mutfağa,2
korkut,2
mutluyum,2
mümkün,2
müze,2
kişi,2
kitapçi,2
nerede,2
neslihan,2
neyin,2
nezareti,2
neşeli,2
nice,2
nihayet,2
ninem,2
kitapları,2
ninniler,2
noktalama,2
noktalarının,2
odadan,2
dinlerken,2
biliyordum,2
okudukça,2
biliyor,2
okuldaki,2
okulu,2
okuma,2
okur,2
okurdu,2
okuruz,2
okuyup,2
olacağının,2
kimler,2
bilimleri,2
deniz,2
kapı,2
olduğum,2
şıngır,2
olmadan,2
bilmek,2
hâlâ,2
olmanın,2
olması,2
evine,2
olmaz,2
acayip,2
gizli,2
olmuştu,2
bilgi,2
kalemleri,2
bimberl,2
issn,2
diyordu,2
adil,2
oluyormuş,2
oluşturdu,2
oluşturmak,2
omzuna,2
biran,2
bilene,2
hüseyin,2
onlar,2
kullandığı,2
onlardan,2
etmişti,2
adımlarla,2
dilin,2
adın,2
ahalisi,2
orduyu,2
ortak,2
işini,2
otobüs,2
otrar,2
oynamayı,2
ahmet,2
oynayacağız,2
gururunu,2
istanbulda,2
ahşap,2
oyunlar,2
oyunları,2
oyunu,2
ozan,2
ozelegitimcocukmebgovtr,2
papağancık,2
para,2
dişleri,2
parayı,2
park,2
karşı,2
akar,2
kullandığım,2
birinin,2
doktora,2
kullanmak,2
akınlarda,2
paylaşarak,2
paylaşmak,2
paytak,2
pedagoji,2
akıp,2
kelimelerden,2
pencere,2
pençeleri,2
karışır,2
pervanenin,2
kullanmaya,2
al,2
eğitimine,2
piyes,2
program,2
işlemiş,2
pürüzlü,2
pırıl,2
albert,2
beşinci,2
radyocular,2
gönlümüzde,2
rahat,2
rağmen,2
doldurdu,2
rengi,2
aldıkları,2
aldığım,2
resitalimin,2
bitmek,2
kullanılan,2
rezil,2
ruhumu,2
eğlenmek,2
s,2
saat,2
saatler,2
saatlerce,2
bizde,2
sabahı,2
sabırla,2
hâlinde,2
sahada,2
sahasının,2
alfabesi,2
sahibine,2
kuracağız,2
salonda,2
alfabesini,2
salıncak,2
havadan,2
sandın,2
ibrahim,2
sanmış,2
alinin,2
sarılıp,2
satie,2
satıyor,2
kapının,2
sayfaları,2
saygı,2
sayıda,2
havalı,2
seferinde,2
seher,2
selfie,2
dilime,2
senaryo,2
almak,2
almalı,2
senedir,2
kurban,2
boncuk,2
sert,2
havanın,2
havası,2
sesiyle,2
seslendirme,2
doğanın,2
seslerden,2
f,2
seslerini,2
oldum,2
seslerle,2
alt,2
gitmez,2
setleri,2
sevdiği,2
altında,2
severdi,2
j,2
fakat,2
sevil,2
göremiyorum,2
sevmeyen,2
seyredebilirsiniz,2
seğirmek,2
harekete,2
size,2
sizi,2
istemem,2
soba,2
istemiş,2
sokakta,2
bozukluğu,2
bey,2
sonsuz,2
sonuna,2
etkisi,2
sonunu,2
betimleme,2
alıp,2
alıştığım,2
sorular,2
farklılık,2
soruyorum,2
sosyal,2
soğuk,2
hareket,2
kalecisi,2
sudoku,2
söyle,2
karşılığını,2
kuzey,2
söylediğim,2
söylemişti,2
söylene,2
kendim,2
aniden,2
söylüyor,2
söylüyorlar,2
söz,2
sözler,2
sözlük,2
sözü,2
ilaç,2
sözüyle,2
süper,2
hâle,2
anladım,2
sürekli,2
sürmek,2
durum,2
bulamıyorum,2
sütünü,2
durumdan,2
sıcak,2
sıkça,2
sıkı,2
sıla,2
sımsıcak,2
sınıf,2
durup,2
anlamasa,2
dikkatlice,2
git,2
sırasında,2
k,2
sırtına,2
hayatta,2
tabağı,2
tabağın,2
tabağına,2
istiyorum,2
tabii,2
tabletle,2
tabletlerin,2
dut,2
anlamı,2
anlamın,2
takım,2
anlamına,2
girmiş,2
duvara,2
tamamla,2
tamamlayabilir,2
tane,2
tanıdık,2
tanıdığım,2
tanımak,2
tanımayı,2
anlamıyorum,2
taraf,2
fikrini,2
anlamışım,2
tarafı,2
bulmamda,2
tarih,2
hayatıma,2
tasarım,2
tatil,2
işaretler,2
anlattı,2
taş,2
taşındık,2
bulunduğu,2
kuzular,2
anlatır,2
teker,2
anlatırız,2
tel,2
bulunur,2
telefonunda,2
duydum,2
kuzum,2
terk,2
anlayamıyorum,2
görüntüleri,2
anlaşma,2
tok,2
tolga,2
duygusal,2
toplayıcısı,2
toprak,2
esra,2
trenlerin,2
ilgi,2
tutmak,2
girip,2
tür,2
işaret,2
türkiye,2
türkiyenin,2
türkiyeye,2
beraber,2
halının,2
karşısındaki,2
türkçemizi,2
hayran,2
kuşlar,2
buluştuk,2
türkçeye,2
annemiz,2
kalıp,2
türkü,2
türküler,2
annemle,2
türü,2
tüylerini,2
ilham,2
ucu,2
ulaşmak,2
duyuyorum,2
umutsuzluğa,2
unutmayın,2
usulca,2
uzak,2
uzaktan,2
uzay,2
uzayda,2
huzurlu,2
uçlarimdaki,2
uçmuş,2
gösteren,2
uçurum,2
uğrar,2
v,2
futsal,2
girdiklerinde,2
hu,2
dökülen,2
varmış,2
fıkralar,2
erken,2
değişik,2
vefa,2
aracılığıyla,2
hazinem,2
verdiği,2
vereceğim,2
veren,2
kepi,2
aradığımız,2
vermek,2
kelimesi,2
vezir,2
virgüller,2
aralarına,2
web,2
döndüm,2
yahu,2
fırsatı,2
aralığından,2
arar,2
arasına,2
yana,2
arasında,2
yandım,2
bölüm,2
araç,2
hazırlandım,2
dönerken,2
yanımda,2
yapacağını,2
yapacağız,2
g,2
yaparak,2
yapmak,2
kâbus,2
yapmış,2
böylesine,2
yaptığı,2
yapılan,2
yarayan,2
erenus,2
gagasını,2
yavrum,2
yayinda,2
galiba,2
arkadaşlarımla,2
kanat,2
yazarları,2
arkadaşlarıyla,2
arkadaşı,2
kök,2
yazı,2
yazıları,2
yazılarımla,2
yazılı,2
yazısını,2
yazıyorum,2
yazıyı,2
arkadaşım,2
yağlı,2
yaşama,2
yaşamıma,2
yaşar,2
yaşarlar,2
yaşayan,2
göz,2
gözle,2
yaşıyorum,2
yedi,2
yemyeşil,2
yendik,2
gidiyoruz,2
armağan,2
ha,2
armut,2
köprüden,2
büyülü,2
kazandım,2
dönüşür,2
yersiz,2
bekliyorum,2
yeterli,2
yetersizlik,2
dördüncü,2
gidip,2
yiyen,2
bekliyordu,2
büyüyünce,2
aslan,2
bekleyen,2
gözlerini,2
yolculuk,2
gözlerinin,2
kötü,2
gözüm,2
yoluna,2
hece,2
yorumu,2
dükkânların,2
yüksek,2
izliyor,2
yürüyerek,2
yürüyorum,2
inanıyorum,2
yüzüme,2
yüzümü,2
yüzünü,2
hoşuma,2
yıldız,2
yıldızlar,2
köyde,2
yıllarda,2
kahramanlarım,2
hele,2
kaya,2
deyimi,2
zamanlar,2
gücüyle,2
zamansız,2
atasözlerini,2
gül,2
zenginlikleri,2
zenginliklerini,2
zihnimi,2
canlı,2
zorluğun,2
çakı,2
çala,2
çalarken,2
köydeki,2
canpolat,2
çalıyor,2
dürüm,2
çalışmaları,2
güle,2
çalışıyordu,2
çarşıdaki,2
çay,2
çağrı,2
çağıra,2
çekelim,2
ceketlerinin,2
çekirdeği,2
çekme,2
çekmeli,2
çevirip,2
çevredeki,2
çevremdeki,2
çevrili,2
çeşit,2
çeşitli,2
center,2
köyleri,2
çiçekler,2
devralıyoruz,2
begüm,2
düzenlenen,2
gelerek,2
inceleyen,2
cevap,2
çocuktan,2
çocuğu,2
kaçmaz,2
engelli,2
çoğu,2
çoğunu,2
çözüm,2
gider,2
köylüler,2
çıkan,2
çıkar,2
çıkaran,2
çıkarmak,2
çıktım,2
çığlık,2
avrupa,2
incir,2
be,2
öncelikle,2
önem,2
önemini,2
başını,2
önünde,2
önündeki,2
kaktüs,2
öz,2
gelişimi,2
düştü,2
ayağa,2
özelliğim,2
aycı,2
öğrendik,2
öğrendim,2
düşünce,2
cismin,2
öğrenmeye,2
öğrenmiş,2
köyümüze,2
ayrıca,2
kalabalığın,2
öğretmenlerimin,2
ülkemizde,2
ülkemizi,2
ülkesi,2
herkesi,2
ayıran,2
düşünmek,2
ayırt,2
üstün,2
köşesi,2
üstündeki,2
kürşad,2
üzereydi,2
başına,2
üzerinden,2
üzerine,2
üzülmüş,2
desteğiyle,2
konuştuğumuz,2
kargaşa,2
üçgenin,2
üçgenler,2
ın,2
düşünmüş,2
ışığı,2
şair,2
şairdir,2
ayşenur,2
heyecan,2
şarkılar,2
şarkıları,2
şaşırmış,2
kapak,2
şehirde,2
kapalı,2
dıkıdık,2
dış,2
şehrinde,2
şeker,2
engel,2
şendik,2
destek,2
şeye,2
açmış,2
dışında,2
e,2
şeyleri,2
şifa,2
açılı,2
şiirine,2
başlıyoruz,2
şifalı,2
şimşek,2
geniş,2
şunları,2
sırada,2
cümlelerimin,1
cümlelerin,1
cümlelerini,1
cıla,1
cıvıltıları,1
cıvıltısı,1
d,1
dakflfa,1
daktilo,1
dalamadığım,1
dalda,1
dalgalandırdık,1
dalgalandırdığın,1
dalgalarıyla,1
dallara,1
dalları,1
dalların,1
dallarında,1
dalına,1
dalında,1
dalıyor,1
dan,1
danış,1
dar,1
darı,1
davet,1
davranış,1
davulmuş,1
dayanamayıp,1
dayanmayan,1
dayanmaz,1
dayı,1
dayımın,1
dağarcık,1
dağlarcanın,1
dağları,1
dağlarımıza,1
dağıldığımızda,1
dağılımı,1
dağılırlar,1
dağın,1
dağınık,1
dağıtıldı,1
dedemden,1
dedesinin,1
dedesiyle,1
dedikleri,1
dedin,1
defa,1
defalarca,1
defasında,1
defijo,1
defne,1
defnelerin,1
defter,1
defterim,1
defterimize,1
deler,1
deli,1
delibal,1
delik,1
demet,1
demeyi,1
demirel,1
demirine,1
demirspor,1
demiş,1
demişimdir,1
demlenir,1
denemeler,1
denemelerle,1
deneyimledim,1
deneyimlemek,1
deneyimliyorum,1
denizde,1
denizin,1
deponun,1
deposuna,1
deposunda,1
derbartt,1
derdi,1
derdimizi,1
dere,1
derece,1
derede,1
deredeki,1
derenin,1
dergilerden,1
dergimizin,1
deriden,1
derim,1
derinliklerindeki,1
derinliklerine,1
derlenerek,1
derlermiş,1
dersinde,1
derslerimde,1
derya,1
desenize,1
desteği,1
devletinin,1
devleşen,1
devraldığım,1
deyimler,1
deyimlerle,1
deyip,1
değeelî,1
değeri,1
değerini,1
değildi,1
değildim,1
değildir,1
değilim,1
değiyor,1
değişecek,1
değişmez,1
değişti,1
değiştiren,1
değiştirerek,1
değiştirmek,1
dibinde,1
didar,1
dijital,1
dik,1
dikdörtgenlerden,1
dikey,1
dikiş,1
dikkatimi,1
dikkatle,1
dikkatli,1
dikkatliymiş,1
dile,1
dilek,1
dilerken,1
dileği,1
dileğiyle,1
dilidir,1
dilimin,1
dilimiz,1
dilimizde,1
dilimizden,1
dilimizdi,1
dilimizdir,1
dilinden,1
diliuiu,1
diliyle,1
dillerden,1
dillerin,1
dilli,1
dinlediğimiz,1
dinlemek,1
dinlenmiş,1
dinlerim,1
dinlerlermiş,1
dinlersiniz,1
dinlesem,1
dinleyen,1
dinleyerek,1
dinliyorlar,1
dinliyorsam,1
dinçer,1
disleksi,1
divrnu,1
diyeceksin,1
diyecekti,1
diyen,1
diyordum,1
dizeleri,1
dizelerini,1
dizesi,1
dizilirve,1
diğeri,1
diğerlerinden,1
diğerleriyle,1
diş,1
dişlerim,1
dişlerimi,1
dişleriniz,1
dişlerinizi,1
dişçi,1
djifk,1
dltn,1
doktoru,1
dokunduktan,1
dokundukça,1
dokunuşlarımın,1
dokunuşta,1
dolandığı,1
dolaşarak,1
dolaşmasınlar,1
dolaşmaya,1
dolaşırım,1
doldu,1
dolduruyor,1
dolsun,1
doludizgin,1
doluyor,1
doluşunca,1
domates,1
donakalıyorum,1
dostuma,1
doyamadı,1
doyamazsınız,1
doyuracağını,1
doyurması,1
doğal,1
doğan,1
doğduktan,1
doğdum,1
doğduğum,1
doğmasa,1
doğmuş,1
doğmuştur,1
doğruca,1
doğrulamıyor,1
doğrusu,1
doğumumdan,1
doğup,1
doğuştan,1
dsıl,1
dua,1
dudakları,1
dudaklarımdan,1
duramıyorum,1
durdu,1
durmayan,1
durmuyorum,1
durmuş,1
durmuştu,1
duru,1
durumdaydı,1
durumunu,1
dururdu,1
duruyor,1
duruyordu,1
duruyorlar,1
duruyormuş,1
duruyorsun,1
duvardan,1
duyabileceği,1
duyarak,1
duyarlar,1
duyarız,1
duydu,1
duyduklarımı,1
duyduklarımın,1
duygulandırdı,1
duygulanmıştı,1
duygularımızı,1
duymadığım,1
duymamalı,1
duymaz,1
duymuyor,1
duymuş,1
duymuştum,1
duysak,1
duyuldu,1
duyulmuş,1
duyunca,1
duyup,1
dîünd,1
dökerler,1
dökük,1
dökülmüş,1
dökülürdü,1
dömniftjeşfj,1
dön,1
döndüler,1
döndüğümde,1
döndüğümüzde,1
döndüğünü,1
dönebilirim,1
dönem,1
dönemi,1
dönmesi,1
dönmeyecektir,1
dönmüş,1
dönüyor,1
dönüş,1
dönüşemediklerini,1
dönüşemediği,1
dönüşemezler,1
dönüşemiyoruz,1
dönüşen,1
dönüşme,1
dönüşmüş,1
dönüştürdüğüm,1
dönüştürüldü,1
dönüştüğünü,1
dönüşü,1
dönüşümü,1
dönüşüyordu,1
döşemelerinde,1
döşemesine,1
döşemişler,1
döşeğindeki,1
düdüklerin,1
düdüğü,1
dünyadaki,1
dünyadır,1
dünyalara,1
dünyam,1
dünyamda,1
dünyamızı,1
dünyamızın,1
dünyasına,1
dünyasından,1
dünyaydı,1
dürümden,1
düz,1
düzenin,1
düzgün,1
düzlüklerini,1
düzyazı,1
düzyazılar,1
düşen,1
düşer,1
düşerse,1
düşmedim,1
düşmesi,1
düşmezdi,1
düşmüş,1
düşüncelere,1
düşüncelerim,1
düşüncelerimizi,1
düşündüm,1
düşündüğü,1
düşünmeden,1
düşünmeye,1
düşünülmez,1
düşünüp,1
düşünürken,1
düşünüyorum,1
düşürmeyenin,1
dıkmjimft,1
dışarıya,1
eadâm,1
eaeî,1
ebe,1
ebeyi,1
ed,1
edebildim,1
edebiyata,1
edebiyatının,1
edecektim,1
edeceğin,1
edendi,1
edenler,1
ederlerdi,1
ederseniz,1
edeyim,1
edildi,1
edilir,1
edilmesini,1
edilmiş,1
edilv,1
edindim,1
editör,1
editörden,1
efemdîve,1
efendim,1
efsunlu,1
ege,1
ehline,1
einn,1
eissn,1
ek,1
ekersen,1
ekj,1
ekle,1
eklediği,1
eklemek,1
ekleyip,1
ekmeksizin,1
ekmeğe,1
ekmeğine,1
elbet,1
elde,1
elektrik,1
elibal,1
elifin,1
elifle,1
elimden,1
elime,1
elimle,1
elin,1
elinizde,1
elinizi,1
eliyle,1
elle,1
eller,1
ellerimi,1
ellerimle,1
ellerinin,1
elmacık,1
elçilik,1
elçin,1
emek,1
emeklerinizle,1
emeği,1
eminim,1
emir,1
emiri,1
emmi,1
emmioglu,1
emremizle,1
emreyi,1
endişeyi,1
engellerin,1
engelliyim,1
enstrüman,1
enstrümana,1
enstrümanlarından,1
ep,1
epey,1
eposta,1
erenköy,1
erhaba,1
erişilemez,1
erkan,1
erkenden,1
ersin,1
eser,1
eseri,1
eserleri,1
eskiden,1
esnaf,1
esrarengiz,1
esû,1
etkiledi,1
etkileyici,1
etkili,1
etkiliyordu,1
etkinlik,1
etkinliklerle,1
etme,1
etmedim,1
etmeleri,1
etmem,1
etmenin,1
etmeyen,1
etmezler,1
etrafımızda,1
etrafına,1
etrafında,1
etse,1
etsem,1
ettik,1
ettiğim,1
evdeki,1
evdekileri,1
evi,1
evimize,1
evinin,1
evleri,1
evlerimize,1
evlerle,1
evmiş,1
evreni,1
evrenin,1
evse,1
evvel,1
ezan,1
ezanını,1
ezeli,1
ezgi,1
eğer,1
eğil,1
eğilip,1
eğitil,1
eğitimcisi,1
eğitimde,1
eğitimler,1
eğitir,1
eğlence,1
eğlenceydi,1
eğlenerek,1
eğleniyordu,1
eğri,1
eıtns,1
eşek,1
eşeğini,1
eşitliğin,1
eşleştir,1
eşleştirebilir,1
eşya,1
eşyasına,1
eşyaya,1
faala,1
faaliyetler,1
fakar,1
fakültesi,1
fakültesini,1
fala,1
falan,1
fantastik,1
fare,1
farklılığıyla,1
farklıydı,1
farkına,1
farkında,1
fast,1
fatma,1
fazla,1
felsefe,1
fer,1
ferat,1
fewi,1
fijal,1
fikirle,1
fikirleri,1
fikirlerimi,1
fili,1
filistini,1
film,1
filmi,1
filmleri,1
fimdi,1
fitnes,1
fiyakası,1
fizik,1
flütle,1
food,1
formda,1
formundaki,1
formül,1
fors,1
foâ,1
fransız,1
fre,1
ftucl,1
fıkralarıyla,1
fırlamış,1
fırlayacak,1
fırsat,1
fırtınalı,1
fırçalamayın,1
fısıldadı,1
fısıldadığı,1
fısıldamalı,1
fısıldar,1
fısıldıyor,1
gacur,1
gayret,1
gazete,1
gazetelerde,1
gazoz,1
gecelere,1
geceleri,1
gecelerinde,1
geceyi,1
geciktin,1
gel,1
geldiklerinde,1
geldiler,1
geldin,1
geldiniz,1
geldiğimde,1
geldiğinde,1
geldiğini,1
geldîgikjde,1
gelecek,1
gelecekti,1
geleceğe,1
geleceğin,1
gelene,1
geleneksel,1
gelenin,1
gelenlere,1
gelin,1
gelindiğinde,1
gelirdi,1
geliyormuş,1
gelişi,1
gelişigüzel,1
geliştim,1
geliştirdiğini,1
geliştirildiğini,1
geliştirme,1
geliştirmenin,1
gelmediler,1
gelmemiş,1
gelmeye,1
gelmez,1
gelmişiz,1
gelse,1
genellikle,1
genişlemiş,1
genç,1
gençken,1
gereken,1
gerekir,1
gerekiyor,1
gerekiyorsa,1
gerekliymiş,1
gereksinimli,1
gerektiği,1
gerj,1
gerçekleşen,1
gerçekleştirdim,1
gerçekleştirmiş,1
gerçekçi,1
getirdiler,1
getire,1
getirebilir,1
getirilmişti,1
getiririz,1
getirirken,1
getirirler,1
getiriyordu,1
getirmek,1
gezdirirken,1
gezegen,1
gezerler,1
gezimizi,1
gezinmek,1
gezinmiş,1
geziyor,1
gezmediğim,1
gezmek,1
geç,1
geçer,1
geçerek,1
geçerken,1
geçim,1
geçirdik,1
geçirdiğim,1
geçirerek,1
geçiriyordu,1
geçirmek,1
geçirmeli,1
geçiyordum,1
geçmeyeceğinin,1
geçtik,1
geçtikçe,1
geçtiği,1
gh,1
gide,1
gidecektik,1
gideceğim,1
gidelim,1
giderdi,1
giderdim,1
gidermiş,1
gidişatını,1
giftt,1
gir,1
girdabından,1
girdi,1
girdiğimizde,1
girebileceğini,1
girer,1
girerken,1
giriyor,1
giriyordu,1
girmek,1
gitmek,1
gitmemiştim,1
gitmeye,1
gitmeyi,1
gitmişti,1
gitti,1
gittik,1
gittikten,1
gittim,1
gjecrmoam,1
goekjm,1
goeûbjimemea,1
gokcagrigurelmebgovtr,1
golü,1
gonk,1
gqe,1
grev,1
grevyaptıklarını,1
gruplarda,1
gucu,1
gucur,1
gurur,1
gururla,1
gururlanırmış,1
gym,1
gökte,1
gökteki,1
gökyüzüm,1
gökyüzündeki,1
gölgesi,1
göllerde,1
göndereceksin,1
göndereceğim,1
gönderildim,1
gönderilmiştir,1
gönlü,1
gönül,1
gönülden,1
gönüle,1
gördük,1
gördüklerim,1
gördüklerimi,1
gördükten,1
gördüm,1
gördüğünü,1
göre,1
görebiliyor,1
göreceksin,1
göreceksiniz,1
görelim,1
gören,1
görenler,1
görev,1
görevin,1
görevinden,1
görevini,1
görevlerini,1
görmedim,1
görmemdir,1
görmemeye,1
görmenizi,1
görmeye,1
görmeyen,1
görmüyor,1
görmüyorum,1
görmüş,1
görmüştük,1
görmüştüm,1
görülmeyen,1
görülür,1
göründü,1
görünmezdir,1
görüntüler,1
görünür,1
görünürdürler,1
görür,1
görürken,1
görürsün,1
görürüz,1
gösterdi,1
gösterdiğimiz,1
gösterebilir,1
göstererek,1
gösteri,1
gösterilerinde,1
gösterilmeden,1
gösterilmiştir,1
gösterirken,1
gösterirseniz,1
gösteriyor,1
gösteriyorlar,1
göstermenin,1
göstermeye,1
gövdelerine,1
gövdenin,1
gövdesi,1
gövdesine,1
gözlerim,1
gözlerimle,1
gözlerindeki,1
gözümüzde,1
gözüne,1
göğe,1
göğümüze,1
gücü,1
gücümü,1
gücüne,1
gülce,1
güler,1
gülleri,1
gülme,1
gülmekten,1
gülmez,1
gülmüş,1
gülümsedi,1
gülümseten,1
gülümsüyor,1
gülüyor,1
gülüyorlarmış,1
gülüşü,1
günden,1
gündüzleri,1
güneşin,1
güneşle,1
günkü,1
günlerdekinden,1
günlerden,1
günleri,1
günleriydi,1
günlük,1
günümüze,1
gür,1
gürültü,1
güveni,1
güvenim,1
güvenli,1
güvercin,1
güvercini,1
güvercinimiz,1
güzeldir,1
güzelleşir,1
güzelleşiyor,1
güzelleştiren,1
güzelliklerin,1
güzelliklerine,1
güzelliklerini,1
güzellikleriyle,1
güçle,1
güçleri,1
güçlü,1
güçlük,1
güçlükle,1
güçlüğü,1
güçsüz,1
gıdaklayarak,1
haberleri,1
hacer,1
hacivat,1
hadsizliklere,1
haftalardır,1
haftanın,1
hahaha,1
hakan,1
hakkını,1
haklarıdır,1
haklıdırlar,1
haklıyızdır,1
haksızlıklara,1
hala,1
halbuki,1
halkı,1
halkın,1
han,1
hangileri,1
hanımdır,1
hanımı,1
hapi,1
hareketi,1
hareketle,1
harfin,1
harfini,1
harflerden,1
harflerdenoluşması,1
harflerle,1
harflerve,1
harita,1
haritasını,1
haritayı,1
harman,1
harmancı,1
hasan,1
hastalık,1
hat,1
hata,1
hatîdi,1
hatı,1
hatıra,1
hatırladı,1
hatırlamakta,1
hatırlatsa,1
hatırlıyorum,1
havada,1
havalansın,1
havalanıyor,1
havalara,1
havalarda,1
havaya,1
havliyle,1
havranlioa,1
havret,1
hayalde,1
hayalin,1
hayalinde,1
hayalini,1
hayaliyle,1
hayaller,1
hayallere,1
hayallerimden,1
hayallerimi,1
hayallerimizi,1
hayallerine,1
hayata,1
hayatla,1
hayattan,1
hayatı,1
hayatım,1
hayatımı,1
hayatımıza,1
hayatına,1
haykırdı,1
haykırıyor,1
hayrola,1
hayvan,1
hayvanlardan,1
hayvanları,1
hayvanların,1
hazirlanan,1
hazıra,1
hazırladı,1
hazırladık,1
hazırladığı,1
hazırladığını,1
hazırlandılar,1
hazırlanmaya,1
hazırlanır,1
hazırlayacağız,1
hazırlayan,1
hazırlayanlar,1
hazırlık,1
hazırlıklara,1
haç,1
haçı,1
hedefimi,1
hedefinden,1
hediyesi,1
hediyeye,1
heev,1
hepimize,1
hepimizi,1
hepinizi,1
hepsine,1
herkese,1
heryerde,1
heyecana,1
heyecandan,1
heyecanlandım,1
heyecanlandırıyordu,1
heyecanlıydı,1
heyecanımın,1
heyecanını,1
heyecanıyla,1
heykeller,1
hikâyeler,1
hikâyeleri,1
hikâyeme,1
hikâyesinin,1
hikâyeye,1
hisleri,1
hislerle,1
hissedebiliyorum,1
hissederdim,1
hissetmek,1
hissettirin,1
hissettiriyor,1
hiçbir,1
hocam,1
hocanin,1
hocanın,1
hoplaya,1
hoplayıp,1
hoşlanmaya,1
hoşça,1
hra,1
hsikske,1
hâlbuki,1
hâldeeeee,1
hâli,1
hâlimde,1
hâlindeyaşarlar,1
hâlini,1
hâllerine,1
hâlsiz,1
hâzinem,1
höllük,1
hüdanuraslı,1
hüzünlü,1
hımmm,1
hırsız,1
hırsızlık,1
hızlanıyorum,1
hızlıca,1
hızıyla,1
hışırdıyor,1
hışırtısı,1
icat,1
icra,1
idi,1
ifade,1
ifadelerden,1
igşübsu,1
ihtiyacım,1
ihtiyacını,1
ihtiyarlar,1
iiçte,1
ikaya,1
il,1
ilaçlar,1
ilaçları,1
ileri,1
ilerle,1
ilerledi,1
ilerlemeye,1
ilerleyebilecek,1
ilerliyorum,1
ilgilendim,1
ilgilenir,1
ilgimi,1
ilia,1
iliklerine,1
ilinin,1
ilişmesin,1
ilkbahar,1
ilköğrenimimi,1
illll,1
illüstrasyon,1
ilçesinde,1
imkânlar,1
imkânlarını,1
imtivaritbkir,1
imza,1
inan,1
inanamamış,1
inanamıyorummm,1
inancım,1
inas,1
incelemeye,1
inceliklidir,1
indiler,1
indirdi,1
indirilebilirmiş,1
inekler,1
iner,1
inerdi,1
ineği,1
ineğin,1
inip,1
iniyor,1
inmek,1
inmiş,1
insanlara,1
insanlarla,1
insanları,1
insanlarına,1
insanlarının,1
insanlarıyla,1
internet,1
inşa,1
ip,1
ipinden,1
iplerini,1
ipten,1
ipucunu,1
ipuldul,1
ipuçlarına,1
iqlfn,1
irem,1
irileşmiş,1
irkildim,1
isim,1
isimlerini,1
isimli,1
isjor,1
ismi,1
ismimiz,1
istanbula,1
istanbulu,1
istasyonlarına,1
istasyonuna,1
istedi,1
istedik,1
istedikleri,1
istedikten,1
istediler,1
istedim,1
istediği,1
istediğim,1
istediğimde,1
istediğini,1
istercesine,1
istese,1
istiyordu,1
istiyordum,1
istiyorsun,1
istişare,1
italyada,1
italyanlar,1
ite,1
itelemiş,1
itici,1
iuceleyvene,1
ivm,1
iye,1
iyice,1
iyileştirmek,1
iyilik,1
iyisi,1
iyisini,1
izah,1
izlemeye,1
izlemeyi,1
izler,1
izlerini,1
izlerken,1
izleyeceklerdi,1
izmirin,1
içe,1
içen,1
içeren,1
içeri,1
içerik,1
içerikler,1
içeriyordu,1
içeydi,1
içi,1
içim,1
içime,1
içindekiler,1
içinden,1
içindir,1
içlerinden,1
içmek,1
içmeye,1
içti,1
içtim,1
içtiğimiz,1
işaretlere,1
işaretleri,1
işaretlerin,1
işaretlerinin,1
işin,1
işitme,1
işledim,1
işlem,1
işlemi,1
işler,1
işleri,1
işlerini,1
iştahla,1
işıklarını,1
jardımcı,1
jeni,1
jüpiterin,1
kabartmalar,1
kablolardan,1
kabuğunu,1
kadat,1
kadindir,1
kadriye,1
kadına,1
kadıncağız,1
kafa,1
kafalarının,1
kafam,1
kafamda,1
kafaya,1
kafilelerle,1
kahkaha,1
kahkahalar,1
kahkahalarla,1
kahkahayı,1
kahraman,1
kahvaltısını,1
kalabileceğini,1
kalacak,1
kalan,1
kalbimde,1
kalbinde,1
kalbiyle,1
kaldı,1
kaldım,1
kaldırdı,1
kaldırıp,1
kaldığı,1
kaldığım,1
kaldığına,1
kale,1
kaleci,1
kalecidir,1
kalemiz,1
kalemizin,1
kalemlerden,1
kalesinde,1
kalesine,1
kalesini,1
kaliteli,1
kalkarken,1
kalkmalı,1
kalkmış,1
kalmadım,1
kalmasaydım,1
kalmıyor,1
kalmış,1
kalmışken,1
kalınca,1
kalınlıklarını,1
kalırdım,1
kalırlar,1
kalırsa,1
kalıyor,1
kampüsü,1
kanallıymış,1
kanalı,1
kanatlandık,1
kanatlanmış,1
kanatlarını,1
kandil,1
kandilli,1
kanepenin,1
kanksr,1
kanun,1
kapalıymış,1
kapamış,1
kapandı,1
kapatmam,1
kapatmış,1
kapattım,1
kapatılarak,1
kapatır,1
kapağı,1
kapağını,1
kapipan,1
kapmalı,1
kapmış,1
kaptırmıştım,1
kapıdan,1
kapılan,1
kapıları,1
kapıldığım,1
kapılmadan,1
kapısı,1
kapısına,1
kapısını,1
kar,1
karabekir,1
karakteri,1
karakterim,1
karakterimin,1
karakterleri,1
karanfil,1
kararacak,1
kararlarını,1
karartabilir,1
kardeş,1
kardeşim,1
kardeşine,1
kardeşinin,1
kardeşlerinin,1
kardeşlik,1
karekodu,1
karişik,1
karmaşık,1
karmaşıklıklarını,1
karne,1
karneler,1
karnına,1
kartonun,1
karışmış,1
karıştı,1
karıştırılmış,1
karışık,1
karışıyor,1
karşıladığım,1
karşılaşacağı,1
karşılaştım,1
karşılık,1
karşılıklı,1
karşılıyor,1
karşınızdayız,1
kasabada,1
kasabanın,1
kasabasında,1
kasabaya,1
kat,1
katacağına,1
kataloğu,1
katan,1
katlanıyordu,1
katları,1
katlı,1
katmaya,1
katmış,1
katı,1
katılarak,1
katılırdı,1
katında,1
kavak,1
kavaklarla,1
kavramalı,1
kaybedip,1
kaybetmişim,1
kaybettiği,1
kaybolurum,1
kayboluyordum,1
kaydı,1
kaygı,1
kayip,1
kaynak,1
kaynağı,1
kaynaştırma,1
kayıt,1
kazan,1
kazanabilmek,1
kazanan,1
kazancım,1
kazandı,1
kazanmalı,1
kazım,1
kaçıyorlar,1
kaçışıyordu,1
kaöml,1
kbpi,1
kdda,1
kelebekler,1
kelebeğe,1
kelimeceler,1
kelimelere,1
kelimelerinin,1
kelimelerle,1
kelimemi,1
kelimesinden,1
kelimesine,1
kelimesineulaşabilir,1
kelimesini,1
kelimesinin,1
keline,1
kemik,1
kenarlarını,1
kendilerine,1
kendilerinin,1
kendime,1
kendimizi,1
kendin,1
kendince,1
kendine,1
kendisi,1
kendisini,1
kepelim,1
kepinin,1
keserek,1
kesesinden,1
kesilir,1
kesin,1
kesinlikle,1
kesmegülü,1
kestane,1
keyfimden,1
keyfince,1
keyfini,1
keyif,1
keyiflenmiş,1
keçiler,1
keşfediyor,1
keşfediyorum,1
keşfetme,1
keşfettim,1
keşfettiğimiz,1
keşke,1
kftap,1
kia,1
kibirli,1
kiler,1
kilo,1
kilob,1
kimdi,1
kimin,1
kimlerdi,1
kimseler,1
kimselere,1
kimsenin,1
kiraathanesinpe,1
kiramatm,1
hangisinden,1
kitabi,1
acılarına,1
kitabın,1
kitabının,1
______,1
kitapla,1
_____________,1
kitaplardaki,1
aaaaa,1
kitaplarımı,1
kitapların,1
kitaplaşmadı,1
abancı,1
kitqp,1
abdullah,1
kişiden,1
abicim,1
kjaip,1
klasik,1
klavyelerden,1
kntlndi,1
abime,1
ablaları,1
kodlamalardan,1
kokar,1
koklamaya,1
koklayarak,1
acabatrendeki,1
kokusundan,1
kokuyordu,1
adresimizde,1
kolayca,1
koldan,1
koltukların,1
kolumdaki,1
kombinasyonlarla,1
komik,1
acıtmış,1
komşusuna,1
konar,1
konmak,1
konmuş,1
konser,1
konserden,1
ada,1
konserlerini,1
konserve,1
konsey,1
konseyi,1
kontrol,1
konu,1
konuda,1
konuklar,1
konulalim,1
konuları,1
konulu,1
adamla,1
konuyor,1
konuşabildiği,1
adamlar,1
konuşma,1
adamı,1
konuşmalari,1
konuşmanın,1
konuşmanız,1
adamın,1
konuşmuş,1
adana,1
konuşulan,1
konuşulanı,1
konuşulurken,1
konuşunca,1
konuşurken,1
konuşurlar,1
konuşuyordu,1
konuşuyorum,1
konyaya,1
kopar,1
koparıp,1
kopçasına,1
aden,1
koridorlarda,1
korkmakta,1
korkmuş,1
korku,1
korkudan,1
korkulu,1
korkunç,1
adet,1
kornişlere,1
koro,1
koru,1
korumalıyız,1
korur,1
adeta,1
koskoca,1
kovabilir,1
koyacak,1
koyarve,1
koydu,1
koydukları,1
koymuş,1
koyulurlardı,1
adlandırılıyor,1
koyunların,1
adresi,1
koyunlu,1
acıkmış,1
adresinde,1
koyup,1
koçla,1
adımlarını,1
koşarsam,1
koşayım,1
koşmalarına,1
koştu,1
koşturmaktan,1
koşturup,1
koşup,1
koşuyor,1
koşuyorum,1
kroki,1
kromozom,1
kubbemiz,1
kucak,1
kucakladı,1
kucağa,1
kucağına,1
kucağından,1
kulaklarımı,1
kulaklarını,1
kulaklıklar,1
kulaç,1
kulağıma,1
kulağımıza,1
kulağına,1
kullanan,1
adına,1
kullandı,1
kullandıklarında,1
kullandım,1
aeğegü,1
agâhtır,1
kullandığımız,1
ahalisinin,1
kullanmalısınız,1
kullanmanın,1
ahlaki,1
ahçede,1
kullanılır,1
kullanım,1
kullanımlardan,1
kullanıp,1
kullanırken,1
kullanıyorum,1
kulübünde,1
kurabilirsin,1
ahıra,1
kuraklığı,1
kuramayan,1
kuran,1
kurardım,1
kurarsan,1
kuraum,1
ailelerle,1
kurbanlık,1
kurbğ,1
kurcalayan,1
kurduğu,1
kurguladığımız,1
kurmamı,1
ailemin,1
kurtardılar,1
kurtarmak,1
kurtulmak,1
kurul,1
kurulmuş,1
kurulunca,1
kurutulur,1
kuruyacak,1
kuruyordum,1
kusursuz,1
kutlamak,1
ailesi,1
kutucuklara,1
kuyruğuna,1
kuzenleri,1
ailesinin,1
aittir,1
ajansının,1
ak,1
akabinde,1
akay,1
akincilar,1
kuşsa,1
kuşunun,1
aklı,1
aklımda,1
kâğıda,1
kâğıdı,1
kâğıt,1
aklına,1
kökenli,1
köklü,1
kömür,1
köpeği,1
köprü,1
köprüdeki,1
aklından,1
köprünün,1
aksar,1
kösler,1
aksine,1
akyol,1
akılda,1
akılla,1
köyle,1
köylerden,1
akıtayım,1
akıtmalıyız,1
köyümüz,1
köyümüzdeki,1
köyümüzden,1
akşamın,1
köyün,1
alabileceğimize,1
köşede,1
köşeleri,1
köşelerini,1
alabilene,1
köşesine,1
kültür,1
kültürümüzün,1
kültürün,1
küp,1
küpvant,1
alalım,1
kütüphanelerini,1
kütüphanene,1
kütüphanesinin,1
alan,1
küçükken,1
küçümseyenlerin,1
kıkırdarsınız,1
kıraathanesi,1
kırabilir,1
kırlara,1
kırlardaki,1
alanlarda,1
kırpıyor,1
kırıklığı,1
kırılmasınlar,1
kırılmış,1
alanımızdı,1
kısaltılmışı,1
kıtabi,1
kıtadan,1
kıymetinin,1
kıyı,1
kıyıya,1
kız,1
kızaran,1
kızartılır,1
kızıl,1
alanın,1
kışın,1
l,1
la,1
lahanalar,1
lakin,1
laleli,1
latafit,1
laundry,1
alanına,1
levni,1
lfsim,1
ligde,1
lira,1
lirayı,1
lisede,1
liseden,1
lisesi,1
alarak,1
louis,1
ltd,1
lugsîi,1
luj,1
luğâtt,1
lverhaba,1
lûsafl,1
lütfen,1
alcılslul,1
ma,1
aldı,1
aldığı,1
maceralarda,1
aldığımız,1
maceralarına,1
mahallede,1
mahalledeki,1
mahkûmdur,1
mahrum,1
makarna,1
aldığını,1
alem,1
malîte,1
manastır,1
manda,1
mangal,1
marka,1
mart,1
masa,1
aletlerimiz,1
masala,1
alfabede,1
alfabesine,1
masallardan,1
masallarla,1
masalları,1
masalıma,1
masamın,1
alfabesiyle,1
masasının,1
masaya,1
masmavi,1
matbaacılık,1
alfabeyi,1
mav,1
alg,1
alik,1
maviye,1
mayıs,1
aliyeva,1
maça,1
alkışlamıştı,1
maçımız,1
maçın,1
maşası,1
meb,1
meeee,1
meeev,1
megülü,1
alkışlarla,1
alkışlıyor,1
allah,1
mektebi,1
mektepçiliğe,1
allahimmmmmmm,1
mekânda,1
mekânlarda,1
mekânı,1
melemesi,1
memnundu,1
meni,1
alma,1
almam,1
merakı,1
meray,1
merdiven,1
almamı,1
merdivenden,1
merdivene,1
merdiveni,1
merdivenlerden,1
merhaba,1
merhamet,1
mert,1
almanyaya,1
meslek,1
mesut,1
metal,1
almış,1
metindeki,1
metne,1
metni,1
meydanda,1
meye,1
meyve,1
meyvelerin,1
meyvelerini,1
meyveye,1
mezarlığındadır,1
mezarım,1
mezun,1
meşe,1
almışsın,1
mifcî,1
mikrofonun,1
mikroplarca,1
mikroskobik,1
almıştı,1
milletvekilliği,1
almıştır,1
mimari,1
minareden,1
alper,1
alpi,1
mirasımızın,1
alsan,1
misafirler,1
misafirlerin,1
misafirliğe,1
altintaş,1
misiniz,1
misli,1
mislniı,1
altındaki,1
mmioğlum,1
mmtsmm,1
mniki,1
monitör,1
mor,1
altındağ,1
mozartın,1
mrtldi,1
mrümun,1
altıya,1
alçalmış,1
mucize,1
mucizelerle,1
muhabbet,1
alıcınız,1
alınan,1
alınmamalı,1
alıntı,1
mutfağına,1
alınır,1
alır,1
mutlulukla,1
mutlulukve,1
mutluluğum,1
alırken,1
muydum,1
alırsam,1
mw,1
alışkın,1
mücadele,1
alışma,1
müezzin,1
mülkiyenin,1
alışveriş,1
mürekkep,1
müsabakalarda,1
müthiş,1
amaaaa,1
müzede,1
müzenize,1
amacıyla,1
müzesinde,1
müzeye,1
müzeyyen,1
müziği,1
müziğin,1
müşavirlik,1
müşfik,1
müştür,1
amca,1
mırıldanmış,1
mırıldanıyorum,1
mısra,1
mısır,1
mıydı,1
n,1
naci,1
najı,1
nakiye,1
nakış,1
narin,1
nas,1
amcalarla,1
amlar,1
nasıldır,1
naz,1
nbr,1
amma,1
anadolunun,1
nedeni,1
nedeniyle,1
nedense,1
nedir,1
nefes,1
nehirlerin,1
neler,1
neleri,1
nelerin,1
anadır,1
nereden,1
neredeyse,1
nereye,1
nergis,1
anahtar,1
anbsinin,1
nesneler,1
nesneleri,1
nesneye,1
net,1
nevzuhur,1
neydi,1
neye,1
anisi,1
ankaranın,1
anladık,1
anladın,1
neşesine,1
neşeyle,1
anladığını,1
anlam,1
nilay,1
anlamadan,1
anlamadığı,1
ninen,1
ninesi,1
ninesinden,1
anlamamı,1
ninni,1
anlamamıştım,1
anlamaya,1
nisanda,1
nisanı,1
niyelerine,1
niyeti,1
niyetlenmedin,1
niçin,1
nkarada,1
nn,1
nnem,1
anlamayı,1
anlamayız,1
noktadan,1
anlamda,1
noktalar,1
noktalarla,1
noktaları,1
noktaların,1
anlamlandırabildikten,1
noktalarıyla,1
noktalı,1
noktalık,1
noktası,1
noktaya,1
noktaydı,1
noktayla,1
anlamlarını,1
normal,1
normali,1
nostaljik,1
nota,1
notalar,1
nsnde,1
anlamında,1
anlamıyla,1
ocak,1
odada,1
anlamıyordum,1
odaklan,1
odaklanamıyor,1
odama,1
anlamışsın,1
odasında,1
odaya,1
odun,1
oermebgovtr,1
off,1
offf,1
okeeev,1
anlamışsınızdır,1
anlatacağı,1
okuduklarında,1
anlatayım,1
okudum,1
okuduğu,1
anlatmaya,1
okuduğunu,1
anlattıklarımı,1
anlattığı,1
okulda,1
anlattığımız,1
okuldan,1
okullara,1
anlatılanları,1
okulun,1
anlatıldığını,1
anlatın,1
anlatırdı,1
anlatıyorlar,1
okumuşlardı,1
anlatıyorum,1
okurcasına,1
anlayabildim,1
okurken,1
okurkenaman,1
okurlarımla,1
anlayamadığım,1
okutunuz,1
okuyabilecektim,1
okuyabilirim,1
okuyabiliyordum,1
okuyan,1
okuyor,1
anlayamamış,1
anlayamıyormuş,1
okşadı,1
okşayıp,1
okşuyordu,1
ol,1
ola,1
olabilecek,1
olabilir,1
anlayayım,1
olacaktır,1
olacağım,1
anlayış,1
olacağız,1
olamaaaz,1
olamaz,1
olamazlar,1
anlayışlı,1
anlaşıldığına,1
anlaşılmış,1
olayların,1
anlaşılır,1
anlıyor,1
olduklarında,1
olduklarından,1
olduktan,1
anlıyorlar,1
oldular,1
anneannemin,1
annedeyince,1
annelerini,1
olduğumu,1
olduğuna,1
anneme,1
olduğunuzu,1
olhyi,1
olimpiyatlarin,1
olimpiyatları,1
olimpiyatların,1
olma,1
annemize,1
olmadı,1
olmadığı,1
annemizi,1
olmakta,1
olmaktan,1
annemizin,1
olmalıymış,1
olmamın,1
annenin,1
olmasak,1
olmasinlar,1
annesinin,1
olmasıdır,1
olmasına,1
olmasıydı,1
olmaya,1
annesiyle,1
anonslarını,1
anonsunu,1
antrenman,1
antrenör,1
olmuştur,1
antrenörlerime,1
antrenörlük,1
olumsuzlukların,1
anılarım,1
anımsattı,1
olurdu,1
olurlarmış,1
olurmuş,1
olursunuz,1
anıyor,1
olurveda,1
apliğin,1
oluyordu,1
oluyorlar,1
ara,1
oluyorum,1
oluşan,1
oluşturacağımız,1
oluşturamadığından,1
aradan,1
oluşturdukları,1
aradıkları,1
oluşturmalı,1
oluşturulur,1
oluştuğunu,1
oluşur,1
omuzlarından,1
aralara,1
aralarda,1
aralarında,1
onca,1
aralayınca,1
arama,1
arasındakini,1
onlarda,1
arasından,1
onlarla,1
araya,1
arayışına,1
araçla,1
kitabeti,1
araçları,1
onurdu,1
oooooooooooo,1
optik,1
araştıralım,1
oradan,1
oralarda,1
oraya,1
araştıran,1
organizasyon,1
orman,1
orta,1
araştırmalar,1
ortasına,1
araştırmaya,1
ortaöğrenime,1
osman,1
osmanlı,1
otizm,1
otların,1
ardı,1
otobüsler,1
otobüslere,1
ardımdaki,1
otur,1
oturaklara,1
oturan,1
oturarak,1
oturmak,1
oturup,1
oturur,1
oturuverdim,1
oturuyoruz,1
ovada,1
ovaların,1
oynadığı,1
oynadığını,1
oynamaktaymış,1
oynamalı,1
oynamaya,1
ardına,1
oynamıyor,1
oynamışlardı,1
oynar,1
ardında,1
oynarız,1
oynayacağı,1
arkadaki,1
oynayalım,1
oynayan,1
oynayıp,1
oynuyor,1
oyulur,1
arkadaş,1
arkadaşlar,1
oyuncak,1
oyuncu,1
arkadaşlarıma,1
arkadaşlarımın,1
oyunlarda,1
arkadaşlarımızla,1
oyunlarımızın,1
oyunlarında,1
arkadaşlarına,1
oyunumuza,1
oyununa,1
arkadaşıma,1
arkasında,1
ozelegltlmcocukmebgovtr,1
oğduğumuz,1
oğlan,1
oğlum,1
oğluyum,1
oğula,1
oğuzhan,1
p,1
pa,1
pabucu,1
pamukla,1
pamuktan,1
panter,1
pantolonumun,1
papatya,1
papağan,1
arkasından,1
papağancıkmış,1
artan,1
paralarla,1
artmış,1
parasını,1
paraya,1
arttı,1
parise,1
arttıkça,1
parkta,1
arı,1
parlaklığını,1
parlatacağını,1
parlatmalıyız,1
parlayacağını,1
parlayan,1
parlıyor,1
parlıyordu,1
parlıyormuş,1
arık,1
parmaklarım,1
arşa,1
asallarda,1
parmaklarımın,1
parmaklarımızın,1
parmaklarına,1
parmaklarını,1
parmaklarıyla,1
parmağımla,1
paroytj,1
parçalamamıza,1
parçalari,1
asfalt,1
parçanın,1
asker,1
askerî,1
parçasını,1
parçaya,1
parçayı,1
paspasa,1
patikalardan,1
patlattı,1
patlatılır,1
patlayana,1
patlıcan,1
patronu,1
patırtı,1
asla,1
aslı,1
paylaşmanın,1
paylıyormuş,1
astronomi,1
pazar,1
pazara,1
pazardan,1
pazaryeri,1
pazaryerinin,1
pazarı,1
paçfiwfw,1
paşası,1
astronotun,1
astığım,1
asıl,1
penaltıdan,1
asılmış,1
pencereleri,1
penceremden,1
asılıp,1
pençelerini,1
pençeleriyle,1
perdelerin,1
performans,1
performansın,1
perişan,1
perspektif,1
ata,1
atacak,1
pes,1
pestalozzinin,1
peynir,1
peşi,1
peşinde,1
peşine,1
pfan,1
pilmamipti,1
piyanistin,1
atalarımdan,1
atalarımızın,1
atam,1
piyanosunu,1
piyanoyu,1
atamızla,1
piyesi,1
piyesin,1
piyesler,1
piyeste,1
pişirilir,1
pişirt,1
plvb,1
portmantonun,1
pratik,1
prestijli,1
atar,1
programları,1
programların,1
atarak,1
provası,1
pürçekli,1
atarlar,1
pınar,1
pınarları,1
pınarından,1
pınarının,1
atasözlerine,1
atasözlerinin,1
atasözleriyle,1
atasözünü,1
radyoda,1
atatürk,1
radyoyu,1
rafa,1
ateabas,1
rahatlama,1
rahatsız,1
rakamlar,1
rakibimiz,1
ramila,1
rasim,1
rayihasıyla,1
rayları,1
rayların,1
atlamaya,1
rcı,1
atlarımızla,1
reklam,1
atlarının,1
renginden,1
rengârenk,1
atlayarak,1
renkleniyor,1
renklerini,1
renkleriyle,1
atletizm,1
rent,1
resim,1
resimdir,1
resitalim,1
resitalimde,1
resitalime,1
atmamak,1
resitallerimde,1
resmini,1
atsa,1
ressama,1
ressamsa,1
attık,1
restaurant,1
revnaklı,1
atıldı,1
rfcuadafinl,1
rifat,1
rilah,1
riskler,1
riskleri,1
rli,1
rollerini,1
rolü,1
romanlar,1
rrhat,1
rttaplara,1
atıldık,1
ruhumuzu,1
ruhundaki,1
ruhundan,1
rusça,1
rv,1
rû,1
rûaffin,1
rütbesi,1
atıldılar,1
rüyada,1
rüyam,1
rüyamda,1
rüyamı,1
rüzgâr,1
rüzgârla,1
rüzgârıyle,1
atılıp,1
atın,1
saate,1
atıyordum,1
atıyorlar,1
saatlerde,1
saatse,1
atıyorum,1
sabahleyin,1
avcuma,1
sabahın,1
sabahının,1
sabitlenir,1
avluya,1
sabırsızlıkla,1
sade,1
avnivpi,1
sadetürkçeyi,1
saflığına,1
avucumun,1
sahaftan,1
sahasından,1
avuçları,1
sahi,1
avuçlarımda,1
sahibidirler,1
aya,1
sahibinin,1
ayak,1
sahipleri,1
sahne,1
sahnede,1
sahnedeki,1
sakin,1
sakinleşmişti,1
sakla,1
saklambaç,1
saklanmadan,1
saklanmayan,1
salincak,1
salkımları,1
sallanmaya,1
sallanıyorum,1
sallayan,1
salona,1
ayaklarınız,1
salondaki,1
salonuna,1
ayarlarını,1
aydınlanmış,1
salıncaklardır,1
salıncakta,1
salıncağa,1
samanı,1
aynaysa,1
ayrrrna,1
saniyeler,1
ayrılırken,1
ayyy,1
sanmıştım,1
sanı,1
sanırım,1
sapan,1
saplı,1
sarmal,1
sarmaladıkları,1
sarmıştı,1
sarsılmaz,1
ayçam,1
sarılan,1
sarılması,1
ayıklayalım,1
sarıp,1
ayında,1
satieye,1
satıcının,1
satır,1
satıraralarından,1
satırda,1
satırı,1
ayırmadığım,1
satıyorsun,1
satış,1
savaşmak,1
savaşına,1
savunduğu,1
savunur,1
sayarlar,1
saydı,1
saydık,1
sayede,1
ayşegül,1
sayfadan,1
ayşenin,1
sayfalarında,1
sayfanın,1
sayfayı,1
aza,1
sayı,1
azalmaya,1
sayımın,1
sayımızda,1
sayımızla,1
sayısı,1
sayıyı,1
saçıma,1
sağ,1
sağa,1
azaltırız,1
sağlam,1
sağlamakta,1
sağlamaya,1
sağlamları,1
sağlandığında,1
sağlarlar,1
sağlıcakla,1
sağlıklı,1
sağlıyor,1
sağlığımda,1
sağım,1
sağıp,1
schftiak,1
se,1
sebebi,1
sebepsiz,1
sec,1
sefer,1
seferber,1
azimle,1
aâ,1
sehpanın,1
sekerek,1
seksen,1
selam,1
selamlarız,1
selamlayıp,1
selanike,1
açar,1
selim,1
selçuk,1
semboller,1
sembollerin,1
sembolü,1
semte,1
semtine,1
semtini,1
açlığını,1
açmaya,1
sence,1
açtık,1
açtığında,1
sendromlular,1
sendromu,1
açtığını,1
açıklamaya,1
açılmaktadır,1
sensin,1
seren,1
serfice,1
sergileme,1
sergileniyor,1
sergileyeceklerdi,1
serilmiş,1
serin,1
serinkanlı,1
serinliğini,1
sernei,1
açılıyor,1
sertifika,1
servetimi,1
açımızdan,1
açısı,1
sesimiz,1
sesin,1
sesinden,1
sesine,1
açıyorum,1
sesle,1
seslendiremiyordum,1
seslendiririz,1
ağabey,1
seslendirmek,1
seslendirmeniz,1
seslendiğimiz,1
seslenirler,1
seslenmiş,1
ağabeyine,1
ağaç,1
ağaçlardaki,1
ağaçlardan,1
ağaçlarla,1
ağaçlarıyla,1
ağaçtan,1
sessiz,1
sessizden,1
ağlamaya,1
ağlarız,1
sevdiler,1
sevdim,1
ağlıyor,1
ağrısıyla,1
sevdiğimiz,1
sevdiğini,1
seveceğinizi,1
ağzı,1
severdim,1
severim,1
sevesi,1
ağzımda,1
ağzımı,1
sevgisi,1
sevgisinin,1
ağzımız,1
sevilen,1
sevimli,1
sevimlidir,1
sevinirmiş,1
sevinmiş,1
sevinç,1
sevinçle,1
sevinçlerimizi,1
sevinçli,1
sevinçten,1
seviyordu,1
seviyorsam,1
ağzımızdan,1
sevmediğim,1
sevmek,1
sevmesi,1
sevmeye,1
ağzımızın,1
sevmişlerdi,1
sevmişti,1
seyahat,1
seyircilerin,1
ağzına,1
seyrederdi,1
seyretmeye,1
seyrettiğiniz,1
sezgileriyle,1
seçelim,1
seçil,1
seçildim,1
seçilmek,1
seçim,1
seçmek,1
seğiriyor,1
ağzından,1
si,1
sihirli,1
silahlar,1
silahından,1
silmek,1
simit,1
simitçiden,1
sinek,1
sisteme,1
sisteminde,1
sitem,1
sitenin,1
sitesine,1
sivri,1
siyah,1
siyaset,1
ağzınız,1
sizden,1
ağır,1
ağızdan,1
aşamada,1
sizler,1
sizlerle,1
slm,1
so,1
aşağı,1
sobanın,1
sobayla,1
sobe,1
sobelemekle,1
sofrayı,1
aşağıda,1
sohbetim,1
sohbetimiz,1
soiufta,1
sokaklar,1
sokaklarda,1
sokaklarının,1
aşağıdaki,1
soktu,1
sol,1
sola,1
soldan,1
soldurabilir,1
soleg,1
solum,1
somutlaştırılınca,1
aşiyan,1
sonat,1
sonatı,1
aşk,1
sonradan,1
sonraki,1
sonrakine,1
sonrasında,1
aşkına,1
sonu,1
aşmış,1
aşılabileceğini,1
sonundaki,1
babalar,1
soran,1
sorbonne,1
babaları,1
sordukları,1
babama,1
sorel,1
sorelin,1
sormadı,1
sormaya,1
sormayan,1
babamdan,1
babamıza,1
sorulardan,1
sorularyankılanmaya,1
sorumluluğu,1
sorun,1
soruya,1
babasına,1
soruyorlar,1
soruyorsun,1
babasını,1
babasıyla,1
soy,1
soyladı,1
babayla,1
spa,1
spektrum,1
sphaflaci,1
bacaksız,1
spora,1
sporcular,1
sporcuların,1
sporyapmaya,1
sriataaz,1
standartları,1
stmdiife,1
stüdyo,1
bacağı,1
bach,1
sulta,1
sunacakları,1
sunmuştur,1
sunucu,1
susamış,1
susuyorlar,1
susuyorum,1
susuz,1
susuzluktan,1
susuzluğunu,1
suyu,1
suyunu,1
sydim,1
söküğümüz,1
söndürüyordu,1
baharda,1
bahsetmek,1
bahsettiğinde,1
bahçe,1
söylediğimiz,1
söylediğin,1
bahçede,1
bahçeleri,1
söylenen,1
söylenenleri,1
söyleniyordu,1
bahçemizdeki,1
bakanlığına,1
söyleyeceği,1
söyleyeceğini,1
söyleyin,1
söyleyince,1
söyleyip,1
söyleşiler,1
bakanı,1
söylüyordu,1
bakarken,1
bakarsan,1
sözcük,1
sözcüklerden,1
sözcüklere,1
sözcüklerimizle,1
sözen,1
bakarve,1
sözlere,1
sözleri,1
bakmak,1
sözlükleri,1
sözlüğe,1
sözlüğümü,1
sözlüğümüz,1
bakmakla,1
sözün,1
bakmamla,1
sözünün,1
bakmayı,1
söğüt,1
baktı,1
süperdir,1
sürdürdüm,1
bakınca,1
sürecimi,1
bakıyor,1
bakıyorlarmış,1
süreli,1
sürerek,1
sürersin,1
süresi,1
süreyanın,1
süreç,1
süreçte,1
bakış,1
sürmekanlamında,1
sürpriz,1
sürprizi,1
sürprizleri,1
sürü,1
süslediği,1
bakışlarımı,1
sütten,1
sütun,1
balkan,1
sütünden,1
balon,1
sütünün,1
süzdüğü,1
süzülüp,1
balık,1
balığa,1
sıcaklığı,1
sıcaklığıyla,1
sıklıkla,1
bandım,1
bardak,1
sıkıca,1
sıkıcıymış,1
sıkıntısı,1
sıkışmıştı,1
sıkıştırdığı,1
sıkıştırıveriyor,1
sıkıştırıyor,1
bardağına,1
sılanın,1
sılaya,1
bardağında,1
sınavlara,1
sınavlarına,1
bardağının,1
bari,1
sınıflarda,1
sınıfta,1
barındırdığını,1
sınırlarıdır,1
sınırlarımıza,1
sınırsız,1
baskı,1
bastonumla,1
sıraları,1
sıralayarak,1
bastı,1
sırasıyla,1
basıyorum,1
sırf,1
sırrı,1
batmasa,1
sırtında,1
sıvası,1
sıvı,1
sıyrılıp,1
sığıntı,1
baudelaire,1
ta,1
taa,1
baydoğan,1
bayraktır,1
bayramla,1
tabağında,1
tabağının,1
bayramı,1
bayramın,1
tablet,1
tabletin,1
bayrağı,1
bayrağımder,1
tabletten,1
bayılırlar,1
tablolar,1
tablolara,1
tablolarım,1
tablolarına,1
tablosuna,1
bazılarıdır,1
tadını,1
tafa,1
tahmin,1
tahtıma,1
bağ,1
taklipe,1
takma,1
takmış,1
taktın,1
takıldığımı,1
takılıyordu,1
bağdat,1
bağladılar,1
takımımızda,1
takımına,1
takımında,1
bağlamasını,1
bağlanarak,1
tamamen,1
bağlı,1
tamamladım,1
tamamlamıştır,1
bağrına,1
bağrışmalar,1
taneleri,1
tanem,1
tanesi,1
tanrım,1
bağımsız,1
tanıdıkları,1
tanıdım,1
bağırdı,1
bağırıyor,1
tanımaktan,1
tanımamıştı,1
başarabileceğimi,1
tanımlarken,1
tanınırlar,1
tanısına,1
tanıttı,1
tanıttım,1
başarabileceğini,1
tanışma,1
tanıştırdı,1
başardım,1
başarmanın,1
taraftaki,1
başarı,1
başarısız,1
tarafında,1
başarıya,1
tarhana,1
tarif,1
başarıyla,1
tarihi,1
tarihini,1
tarihle,1
başbozkurt,1
tarlada,1
başkalarının,1
başkasından,1
tatili,1
tatilinde,1
başla,1
tatlıdır,1
tatlım,1
tattım,1
tavanlı,1
başladıktan,1
tavoos,1
tavuklar,1
tavuklara,1
tavukların,1
tayin,1
taze,1
taç,1
başladılar,1
taşdelen,1
taşlarla,1
taşıdığı,1
taşımakla,1
taşınabilir,1
taşındı,1
başladığımda,1
taşınmış,1
taşınırmış,1
başladığını,1
taşıyamıyor,1
taşıyor,1
taşıyorum,1
taşıyıcısı,1
taşıyıp,1
başladığınız,1
teber,1
tebrik,1
tecrübeler,1
tecrübesine,1
tedirginliklerle,1
başlama,1
başlamadan,1
tekerlemed,1
tekerlemesi,1
tekerlemeyi,1
tekin,1
tekinsizleşir,1
teklif,1
tekme,1
tekniğe,1
başlaması,1
başlamıştır,1
telaş,1
başlasın,1
telaşı,1
telaşım,1
telaşına,1
telefin,1
telefonda,1
telefonlarında,1
başlayacaksın,1
telefonunu,1
başlayacaktım,1
televizyonda,1
televizyonun,1
televizyonunuzda,1
tembellik,1
tembihledi,1
temdimi,1
temel,1
temiz,1
temizlemeli,1
başlayalım,1
tencereye,1
tepeden,1
tepeler,1
ter,1
tercümanı,1
tereyağı,1
terimdir,1
başlayarak,1
tertemiz,1
test,1
teyze,1
teyzeler,1
başlayınca,1
tezgâhta,1
tezini,1
başıboş,1
teşrif,1
teşvik,1
tfflsome,1
tic,1
başıma,1
titap,1
titiz,1
titreşime,1
titreşimlere,1
titreşimlerinin,1
tldi,1
tnekquim,1
başımdaki,1
başımı,1
tolgalı,1
başındaki,1
topa,1
topladığı,1
toplandığını,1
toplanmış,1
toplanır,1
toplayabilirsiniz,1
toplayan,1
başından,1
toplayıcısıyım,1
topluluk,1
toplum,1
topluyorum,1
beceri,1
toprakla,1
topraklarına,1
toprağın,1
toprağına,1
topumun,1
torbadan,1
tos,1
tosorim,1
tosunum,1
tprdım,1
becerinin,1
trenlerde,1
trenleri,1
bedava,1
beklediğimiz,1
trisome,1
trsiome,1
trta,1
tserlolflu,1
tt,1
ttt,1
ttuektijgl,1
tu,1
tuhaf,1
tunadan,1
turkçb,1
turkçbmizb,1
turkçenin,1
turnuvada,1
tutalım,1
tutam,1
tutdışarıya,1
beklenen,1
tutmayacaklarını,1
tuttu,1
tuttuğum,1
tuttuğumuzda,1
tutulmuş,1
tutulmuştu,1
tutunarak,1
tutunmak,1
tutup,1
tutuyor,1
tutuyordu,1
tutuyorum,1
tutuşmalı,1
tuğhan,1
tuğçe,1
tuşlarına,1
töprilrvam,1
bekler,1
beklerken,1
türde,1
bekleyelim,1
türke,1
türkistanı,1
bekliyordum,1
türkiyemize,1
bekçilik,1
belgesel,1
türkiyeyi,1
türklerin,1
belini,1
türkçelerini,1
belirlediğimiz,1
belirlendi,1
türkçemizde,1
türkçemize,1
belirli,1
belirsiz,1
türkçemizle,1
belleğime,1
belli,1
bende,1
benimki,1
benimle,1
benzer,1
türküde,1
benzerî,1
türkülerde,1
türküleri,1
türlerinde,1
benzetebiliriz,1
benzetmeleriyle,1
tütüyor,1
tütüyordu,1
tüyleri,1
benzeyen,1
tınısını,1
bereketi,1
tırmandım,1
tırmanmak,1
tırmanmakla,1
tırmanmam,1
tırtılın,1
beri,1
ucundaki,1
uemem,1
ufuklar,1
ufuklara,1
ukjltflipkjc,1
ulaşabilene,1
berlin,1
ulaşmamda,1
ulaşmanın,1
ulaşmıştım,1
ulaştı,1
ulaştıracak,1
ulaşın,1
ulubatlı,1
ulus,1
uluslararası,1
ulusun,1
umatı,1
umumi,1
beslediği,1
umutla,1
besler,1
unutma,1
unutmadan,1
unutmamalısınız,1
besleyen,1
unutmazlar,1
unutmuş,1
unutmuştum,1
unuttum,1
unutturuyor,1
ural,1
usta,1
ustalar,1
besliyor,1
utandı,1
uyandırdı,1
uyandırıyordu,1
uyandığımda,1
uyanmak,1
uyanmış,1
uyanırdım,1
uydusu,1
uyduya,1
uygulama,1
uygunbirini,1
uykuda,1
uykuya,1
uysal,1
uyum,1
uyumak,1
uyumaya,1
uyumlu,1
uyumsuzdurlar,1
uyumunun,1
uyumuşlar,1
uyur,1
uyuyakalıyorum,1
uyuyorsunuz,1
bestami,1
uzaklardaki,1
uzaklardan,1
besteciler,1
uzandım,1
uzanmış,1
uzanıp,1
uzanır,1
uzatsanız,1
uzatıp,1
uzatıyorum,1
bestecileri,1
uzaya,1
bestecilerin,1
uzaydaki,1
besteledim,1
uzunca,1
uzunluklarda,1
uçak,1
uçar,1
uçarak,1
bestelemesine,1
uçlarımdaki,1
uçlarını,1
uçma,1
uçmasıyla,1
uçmaz,1
bestelerim,1
bestesini,1
uçtular,1
beter,1
uçuyor,1
uçuyormuş,1
uçuç,1
uçuşuyordu,1
uğradığımı,1
bevaz,1
uğraşılmazmış,1
uğur,1
beyatli,1
vafctuq,1
vakit,1
vakitlerinde,1
beyatlı,1
valery,1
vals,1
vanalarını,1
beyefendiye,1
varabilmek,1
beylerbeyi,1
beylerden,1
varken,1
varlığımızı,1
varmadığım,1
varmamıştı,1
bezeli,1
bezirgân,1
varınca,1
vatan,1
vatanı,1
vatanımızın,1
vatanını,1
vaulkjda,1
beğeneceği,1
vazgeçer,1
vazgeçip,1
vazgeçmiyorum,1
vazgeçtim,1
vaziyeti,1
vb,1
beş,1
veda,1
vedalaşıp,1
vee,1
beşevler,1
vefat,1
vefatımdan,1
venr,1
ver,1
beşlik,1
bfc,1
bfifladisimda,1
verdiğim,1
verebilir,1
verecek,1
biber,1
bildiği,1
vererek,1
veresiye,1
verildiğinde,1
bilen,1
verileri,1
verin,1
verini,1
bileyim,1
veririm,1
verirler,1
verirlerdi,1
verirseniz,1
veriyor,1
veriyordu,1
bilgelik,1
vermişlerse,1
bilgisayar,1
veyabanıcı,1
bilgisi,1
video,1
vietnamı,1
vihje,1
bilgiye,1
vje,1
vupum,1
vuran,1
vurdu,1
vurup,1
bilimi,1
bilimlerini,1
bilimsel,1
yabancı,1
yadigâr,1
bilinmediği,1
bilir,1
yakaladım,1
yakalamaya,1
yakalar,1
yakalarlar,1
yakalayıp,1
yaklaşmış,1
yaklaştım,1
yaklaşık,1
yaklaşıp,1
yakmış,1
yakılınca,1
biliyormuş,1
yakındaki,1
yakından,1
yakındı,1
yakınındaki,1
yakışıyor,1
yalnız,1
biliyorsun,1
yamacın,1
yamaç,1
biliyorum,1
bilmediğim,1
yanadır,1
yanaklarımı,1
bilmediğimiz,1
bilmelisiniz,1
bilmem,1
bilmesem,1
bilmiyordum,1
yanlışlar,1
yanlışları,1
bilmiyormuş,1
yanıma,1
bilmiyorum,1
yanımdan,1
yanına,1
yanında,1
yanındaki,1
yanından,1
yanıtını,1
yapabilecektim,1
yapabileceği,1
bilsem,1
bilsen,1
yapalım,1
bilsinler,1
bimneu,1
yaparlar,1
yapmadı,1
binaî,1
yapmaktan,1
yapmalı,1
yapmamalısınız,1
yapmanın,1
yapmanızı,1
yapmasını,1
bindi,1
bindiği,1
yapmışlar,1
yapmıştı,1
yaprakların,1
yapsa,1
yaptık,1
binip,1
yaptırmanın,1
binlerce,1
yaptığım,1
yaptığınız,1
yapı,1
yapılamaz,1
birakti,1
yapılar,1
yapıldı,1
yapılmamış,1
yapıp,1
yapıverirdi,1
yapıyor,1
yapıyordu,1
yapıyormuş,1
yapıştırarak,1
yaralı,1
yaratan,1
yaratıcı,1
biranda,1
birbirinden,1
yardımına,1
yarım,1
yarısı,1
yarısında,1
yasemin,1
yaslanmış,1
yaslı,1
yataktan,1
yatan,1
yatay,1
yatağa,1
yatkındır,1
yatmaktaymış,1
yatıyormuş,1
birbirlerine,1
yavru,1
yavrularına,1
birbirlerini,1
yavrusunu,1
yayina,1
birden,1
yayılır,1
yayımlandı,1
yayımlanırmış,1
birer,1
birey,1
yazabilir,1
yazabiliriz,1
yazabilirsin,1
yazabiliyor,1
yazabiliyorum,1
yazanlar,1
bireyler,1
yazarak,1
bireylerin,1
yazarlarının,1
yazarı,1
biriktirmişim,1
yazdır,1
yazdığımız,1
yazdığınız,1
yazgan,1
yazma,1
yazmalarından,1
yazmama,1
yazmamızı,1
birileri,1
birinci,1
yazsalarmış,1
birine,1
yazılan,1
yazılanlar,1
biriyim,1
birleşimini,1
yazılmış,1
yazılsın,1
birleştiren,1
yazılır,1
yazın,1
yazının,1
yazısı,1
birleştirip,1
yazıya,1
yazıyorlar,1
birleştirir,1
birlikteliğiydi,1
birtakımın,1
birtürk,1
yağmasınsözünü,1
yağmur,1
yağsın,1
yağıyor,1
yaşadık,1
yaşadıklarına,1
yaşadım,1
biryandı,1
yaşamak,1
yaşamı,1
bit,1
yaşamıştır,1
yaşanan,1
biten,1
bitenleri,1
yaşasin,1
yaşasın,1
yaşayabileceği,1
bitiremeden,1
yaşlanmanıza,1
yaşlara,1
yaşlarda,1
yaşlarında,1
bitirmek,1
yaşw,1
yaşıma,1
bitirmeye,1
yaşındayken,1
yaşındayım,1
yaşıtlarım,1
yaşıtlarımdan,1
yaşıtlarımla,1
yaşıyor,1
bitirmiştim,1
bitiş,1
yedirdiği,1
yekta,1
yeldirtil,1
yem,1
yemekleri,1
yemeklerini,1
yemeyeceğiz,1
yemez,1
yemeğimi,1
yemeğini,1
yemine,1
yeminler,1
yemişiz,1
bitkiler,1
bitmediği,1
biu,1
bizimle,1
yenilerini,1
yeniliyoruz,1
yenimahalleankara,1
yepyeni,1
bizlerle,1
yerde,1
yerdeki,1
biçersin,1
biş,1
bişkım,1
yerimde,1
yerimiz,1
yerinde,1
yerinden,1
bklbpi,1
blok,1
yerler,1
yerlerde,1
yerlerden,1
yerlerinden,1
yerleşim,1
yerleştirilir,1
yerli,1
blşair,1
yeryüzüm,1
yeryüzüydü,1
yeteneğimi,1
bm,1
bornova,1
borç,1
boy,1
yetişemedim,1
yetişti,1
yetiştirmek,1
yeğenleri,1
yeşillenmiş,1
yilina,1
yilmaz,1
boya,1
yirmi,1
yirmili,1
yiyecek,1
boyalarımın,1
yiyin,1
boyalarını,1
yokluğu,1
boyamıştır,1
boyanmış,1
yoktur,1
boyayabilirsin,1
boyladı,1
boylarda,1
yolculuğa,1
yolculuğunda,1
yolcusu,1
yold,1
yolda,1
yoldaki,1
boynunu,1
yolla,1
yollama,1
yollamaktadır,1
yollar,1
yollardan,1
yollarlar,1
boyu,1
yoluma,1
boyutlarda,1
boyutta,1
yolunda,1
yolundan,1
bozabilir,1
yoooooooo,1
yor,1
yorgun,1
yorgunluktan,1
yorsa,1
yorulan,1
yorulmayacaktım,1
yorulmuşlar,1
yorulur,1
yorum,1
bozuklukları,1
yoğrulmuş,1
yoğurt,1
yufka,1
yufkaları,1
yukarılara,1
yukarısına,1
boşanan,1
yurdu,1
yusuf,1
yuva,1
yuvadan,1
yuvarlanarak,1
yuvarlandıkça,1
yuvarlanmış,1
yzv,1
yönden,1
yöneldim,1
yönelik,1
yöneltti,1
yönetecektim,1
yönetiminden,1
yönetmeni,1
yönettiğine,1
yönlendirin,1
yönlendirmeleriyle,1
yörelerin,1
yücesi,1
yüklendiğimiz,1
yükler,1
boşlukları,1
yüksekliğini,1
yüksekçe,1
yükseliyor,1
brdğ,1
yükselttik,1
yüreğinize,1
yürüdüğümüz,1
yürümüş,1
yürümüştü,1
yürürdü,1
yürürken,1
buca,1
bucağı,1
yürüyüşe,1
bugüne,1
yüzer,1
yüzme,1
bugünlere,1
buharlı,1
yüzümüzü,1
bul,1
yüzüstü,1
yüzüyordu,1
yıkık,1
yıkılmasın,1
bulabilir,1
bulabilirmisin,1
bulacağın,1
yıldızlarla,1
yıldızlı,1
bulamamış,1
bulamamışlardı,1
yılları,1
yıllık,1
bulamayacağı,1
bulamayınca,1
yıpranmış,1
z,1
zafer,1
zaferleri,1
zahmet,1
bulanmış,1
bulaşabiliriz,1
zamandır,1
zamanki,1
zamanla,1
buldu,1
buldukları,1
buldular,1
buldum,1
zamanım,1
bulduğu,1
zannediyorlar,1
zayıf,1
zeminle,1
zengin,1
zenginleştirdiğini,1
zenginleştirme,1
bulduğumuz,1
zenginliklerinden,1
bulduğun,1
zenginliğiyle,1
zeynep,1
zihin,1
zihinsel,1
zihnimden,1
bulma,1
zihnimizde,1
zihnindeki,1
zil,1
zile,1
zirveye,1
ziyaret,1
ziyaretine,1
bulmaca,1
zorbalıkyapar,1
zorlanarak,1
zorlandığımda,1
zorlanmadan,1
zorlanmış,1
zorlanmışlar,1
zorlanıyorum,1
zorluk,1
zorluklarından,1
bulmacalarla,1
zorunda,1
zorunluluğu,1
zulümlere,1
zıplaya,1
zıplıyor,1
zıplıyordum,1
âkif,1
ç,1
ça,1
çaba,1
çabalar,1
çabayı,1
çak,1
çaktırma,1
bulmacalarındaki,1
bulmadığı,1
çalabilir,1
çalacakmış,1
çalar,1
çalarak,1
bulmalı,1
çaldığı,1
bulmamış,1
çalmasını,1
çalmaya,1
çalmayı,1
çalmış,1
çalıp,1
bulmanın,1
çalıvermek,1
bulması,1
çalışalım,1
çalışamadım,1
çalışan,1
bulmasın,1
çalışmak,1
çalışmalar,1
bulsam,1
çalışmaya,1
çalışmış,1
çalışmışlardı,1
çalıştı,1
çalıştıklarından,1
bulunduğunu,1
çalıştığımda,1
çalışı,1
çalışıp,1
çalışır,1
çalışırken,1
çalışırmış,1
çalışırsın,1
çalışırız,1
bulutlara,1
çalışıyordum,1
çalışıyorlar,1
çalışıyorlarmış,1
çalışıyorum,1
çamaşır,1
çamlıca,1
çantaymış,1
çare,1
çaresiz,1
çarpar,1
çarpmak,1
çarptığı,1
çarpıyordu,1
bulutlarda,1
çarşıya,1
çatlakların,1
çattı,1
çattığında,1
çatılarıyla,1
çavinpan,1
bulutları,1
çayırlar,1
çağbayır,1
çağdaş,1
bulutların,1
çağıltısı,1
buluvermiştim,1
çağıran,1
çağırdığını,1
çaıla,1
çekeceğini,1
buluyor,1
çeken,1
buluyorlar,1
çekilir,1
çekindiği,1
çekip,1
buluyorum,1
çekiyor,1
çekiyordum,1
çekiştiriyor,1
buluğlar,1
çekmeceleri,1
buluşma,1
çelik,1
çetinkale,1
çevik,1
çevirdiğim,1
buluşmak,1
çevirmeni,1
bumacaarn,1
çevreden,1
bumuu,1
bunda,1
çevrilir,1
çeşidi,1
bunlarda,1
bunlardan,1
çift,1
çifte,1
çikalim,1
çikolata,1
çikti,1
çizdiğim,1
çizerek,1
çizerine,1
bununla,1
çizgilerin,1
çizgili,1
çizginin,1
çiziklerin,1
çizim,1
çizimler,1
çizip,1
çizmişlerdi,1
buradaki,1
buradan,1
çiçeklerin,1
çiçeklerinin,1
çiçekli,1
çiçekse,1
çiçeğ,1
çiçeğe,1
çiçeği,1
çiçeğimi,1
çiçeğin,1
çobanların,1
buraya,1
çocukken,1
burhanj,1
burhfikj,1
burnu,1
burnumda,1
çocuklarınızı,1
çocuklaşırlar,1
çocukluk,1
çocuklukta,1
burnunda,1
çocukluğumu,1
çocukluğumun,1
çocukluğunda,1
çocukluğunu,1
burçlarına,1
çocuktu,1
buttan,1
buyrun,1
çocük,1
buyulu,1
çoklu,1
çoktan,1
çokça,1
çorba,1
çoğalan,1
çoğaltır,1
çoğalır,1
buzağıyı,1
çoğunlukla,1
çoğunluktur,1
bîkaa,1
çrdğ,1
çöküp,1
çöllerine,1
çömlekler,1
böcekler,1
çözümleri,1
böceği,1
çürüdü,1
çürük,1
çürütülür,1
böceğini,1
çıkalım,1
bölgenin,1
bölümde,1
çıkarak,1
bölümü,1
çıkardı,1
bölümünde,1
çıkarmamıştı,1
çıkarmayan,1
çıkartacağımı,1
çıkarılan,1
çıkarılarak,1
çıkarıp,1
çıkarır,1
çıkarırlar,1
çıkarıyor,1
çıkmak,1
çıkmıyor,1
çıktı,1
bölümüne,1
çıktığı,1
çıktığımızda,1
çıktığında,1
çıkıyorum,1
çıkışı,1
çıkışınca,1
çınar,1
çırpmış,1
çırpınıp,1
çırpınırken,1
çırpınıyordu,1
bölünmemiş,1
çığlıklarla,1
çığlıkları,1
çığırmalı,1
îlgîsiz,1
îlk,1
îsiypruaa,1
îçim,1
îçmeh,1
îşih,1
böylelikle,1
öder,1
ödev,1
ödevleri,1
büküyor,1
öirinceve,1
öivinuj,1
ök,1
öküzüm,1
ölaw,1
ölen,1
ölfcuguuu,1
ölmaiantüfzt,1
ölüm,1
ömgumii,1
ömre,1
ömrüm,1
bülent,1
önceden,1
önceki,1
bütünleşen,1
öndemir,1
büyükelçilik,1
büyükler,1
büyüklerimden,1
önemliydi,1
önemliyse,1
önemserler,1
önlüğüne,1
büyüklerimiz,1
büyüklerimizin,1
önündekinin,1
önüne,1
öpmeyen,1
öptü,1
ördekler,1
ördekleri,1
ördeklerin,1
örneklerden,1
örnekleri,1
örneklerinin,1
ötürün,1
ötüyorlar,1
ötüşen,1
öykü,1
öyküler,1
büyükmutlu,1
öylesine,1
büyüktü,1
büyülendiğim,1
özeldir,1
büyümüş,1
özellikleri,1
özelliklerindenmiş,1
büyür,1
özelliği,1
büyürüz,1
özen,1
özenle,1
özeti,1
özgü,1
özgün,1
büyüten,1
özlem,1
özlemle,1
özçelik,1
özür,1
öğrencilerine,1
öğrencinin,1
öğrencisi,1
büyüyor,1
öğrendikten,1
büyüğü,1
büğrü,1
öğreneceksin,1
öğreneceğim,1
öğrenelim,1
öğrenemediğimi,1
öğrenen,1
öğrenim,1
öğrenimini,1
öğreniriz,1
büşra,1
öğrenmeden,1
bıcakcı,1
bıkan,1
öğrenmişim,1
öğretim,1
bırakacaktı,1
bırakmış,1
bıraktığı,1
öğretmenlerim,1
öğretmenlerime,1
bırakılan,1
öğretmenlerine,1
öğretmenlerinin,1
öğretmenliği,1
öğretmeye,1
öğretmiş,1
öğretti,1
öğütlerini,1
ûztvw,1
ücretsizdir,1
ülkelerde,1
ülkemiz,1
bırakılmış,1
bırakınca,1
ülkemizin,1
bırakıp,1
ün,1
üneşin,1
üniversitesi,1
bırakıyorum,1
bıyıkları,1
ünlüler,1
ünsüz,1
üretme,1
ürküp,1
ürün,1
üsküp,1
üsküpe,1
caddesi,1
cam,1
üstesinden,1
camer,1
camları,1
camlarındaki,1
üstüne,1
üstünlükleri,1
candan,1
canlandırmaya,1
üzereyken,1
canlandırıyor,1
üzerindeki,1
canına,1
car,1
üzgün,1
üzmüştü,1
üzüldü,1
cazip,1
cebindeki,1
üzüntülerimizi,1
ceketimin,1
üçgen,1
cemal,1
cennette,1
cep,1
üçgenleri,1
üçü,1
üçük,1
üçüncü,1
ğrı,1
ı,1
cepleri,1
ırmaklar,1
ırmakların,1
ırmağı,1
ırmağımızı,1
ıslık,1
ısınma,1
ısınır,1
ısırıp,1
ısıtıp,1
ısıtır,1
ceplerinden,1
ışıkları,1
ceplerine,1
şahin,1
cevabını,1
ceza,1
şairene,1
şairin,1
cezayiri,1
şairlerini,1
şairliğimdi,1
şaka,1
şampiyonasında,1
şanlısın,1
şanslı,1
şansı,1
şaripti,1
chanta,1
check,1
chopinin,1
şarkıya,1
şaşkın,1
şaşkınlıktan,1
şaşkınlığı,1
şaşmış,1
şaştı,1
şaşırdım,1
şaşırmayan,1
ciddi,1
şaşırmıştım,1
şaşırtmacalarına,1
şaşırıyor,1
şefkat,1
ciddiye,1
cilt,1
cisimleri,1
şehirler,1
cisimlerini,1
ciğerimizi,1
şehrin,1
cnrısinda,1
şehrine,1
cok,1
şekil,1
computer,1
şekillerde,1
şeklinde,1
şeklindeki,1
şeklini,1
şen,1
contact,1
şeridimizi,1
şev,1
coğrafya,1
coşku,1
coşkun,1
coşkusu,1
coşkusuna,1
şeylere,1
cpe,1
şeytan,1
şeyyy,1
cskh,1
acele,1
cteçjil,1
şiiri,1
şiirimi,1
şiirin,1
cumartesi,1
şiirini,1
şiirinin,1
şiiriyle,1
şiirle,1
cumhuriyet,1
şiirleri,1
şiirlerimde,1
şiirlerle,1
şika,1
cumhuriyetin,1
acıkmıştır,1
cwlâkwa,1
şişeler,1
şişelere,1
şişeleri,1
şişenin,1
şişeyi,1
şişiyor,1
şiştiğini,1
şouin,1
şti,1
cümlelerden,1
cümlelere,1
cümleleri,1
şükrettim,1
şimdilik,1
